,count,size
一,56620,566
市,12637,126
人,9445,94
町,8538,85
用,8217,82
大,8147,81
日,8082,80
彼,7885,78
者,7525,75
子,7340,73
中,7062,70
本,6608,66
社,6536,65
会,6143,61
利,5967,59
田,5800,58
合,5690,56
生,5618,56
私,5555,55
山,5473,54
目,5139,51
学,5133,51
事,4982,49
年,4950,49
月,4847,48
定,4672,46
行,4606,46
上,4559,45
時,4537,45
成,4394,43
知,4246,42
提,4161,41
式,4146,41
株,4140,41
三,4059,40
供,4048,40
場,3884,38
小,3882,38
分,3738,37
手,3679,36
下,3651,36
県,3573,35
川,3550,35
見,3517,35
的,3474,34
習,3453,34
業,3445,34
約,3443,34
入,3437,34
出,3345,33
無,3126,31
高,3074,30
当,3068,30
法,3068,30
等,2929,29
間,2922,29
万,2917,29
以,2892,28
第,2885,28
地,2835,28
様,2829,28
女,2816,28
丁,2751,27
契,2673,26
方,2669,26
天,2639,26
区,2599,25
開,2569,25
自,2568,25
有,2565,25
金,2559,25
新,2558,25
野,2553,25
心,2544,25
木,2544,25
円,2540,25
条,2500,25
発,2496,24
物,2477,24
算,2450,24
千,2446,24
対,2409,24
水,2396,23
取,2385,23
今,2374,23
権,2373,23
東,2357,23
内,2327,23
要,2324,23
前,2301,23
報,2301,23
済,2268,22
意,2257,22
所,2236,22
保,2231,22
書,2229,22
理,2227,22
明,2222,22
正,2196,21
名,2188,21
国,2164,21
口,2160,21
情,2151,21
必,2140,21
如,2134,21
性,2126,21
思,2118,21
道,2093,20
来,2091,20
長,2080,20
能,2019,20
工,2018,20
加,1981,19
不,1978,19
問,1964,19
食,1955,19
作,1934,19
関,1933,19
原,1915,19
言,1913,19
御,1901,19
相,1869,18
度,1833,18
井,1829,18
海,1809,18
級,1795,17
島,1790,17
品,1788,17
気,1765,17
立,1750,17
神,1735,17
持,1727,17
後,1714,17
為,1711,17
和,1706,17
考,1697,16
岡,1697,16
得,1690,16
美,1689,16
花,1689,16
身,1685,16
実,1679,16
牛,1660,16
百,1657,16
家,1655,16
番,1646,16
北,1636,16
外,1627,16
部,1624,16
体,1622,16
難,1609,16
務,1603,16
平,1579,15
馬,1572,15
号,1569,15
屋,1561,15
京,1561,15
松,1558,15
西,1541,15
規,1535,15
易,1530,15
点,1518,15
十,1516,15
雨,1513,15
白,1509,15
良,1505,15
暗,1500,15
通,1499,14
石,1485,14
力,1485,14
件,1479,14
解,1476,14
夫,1465,14
死,1464,14
項,1451,14
村,1450,14
同,1441,14
受,1439,14
数,1437,14
何,1432,14
可,1432,14
貧,1431,14
動,1426,14
個,1423,14
多,1421,14
限,1408,14
産,1391,13
先,1384,13
機,1380,13
過,1377,13
全,1371,13
頭,1368,13
玉,1364,13
画,1350,13
足,1347,13
義,1346,13
都,1341,13
善,1336,13
火,1335,13
検,1334,13
結,1313,13
尾,1302,13
負,1296,12
術,1295,12
記,1292,12
少,1290,12
虎,1284,12
代,1282,12
面,1270,12
二,1267,12
連,1266,12
信,1265,12
願,1259,12
確,1257,12
題,1254,12
福,1254,12
果,1247,12
愛,1240,12
象,1237,12
他,1230,12
雄,1228,12
五,1226,12
崎,1222,12
化,1210,12
谷,1206,12
車,1206,12
型,1194,11
技,1193,11
特,1188,11
制,1187,11
悪,1182,11
母,1182,11
基,1174,11
縄,1173,11
認,1167,11
変,1165,11
重,1164,11
葉,1149,11
店,1147,11
親,1141,11
別,1138,11
皮,1133,11
話,1127,11
密,1126,11
藤,1125,11
回,1119,11
土,1117,11
該,1115,11
管,1115,11
次,1112,11
則,1103,11
求,1101,11
段,1098,10
違,1086,10
価,1084,10
流,1081,10
犬,1080,10
非,1078,10
将,1077,10
証,1076,10
引,1074,10
設,1069,10
風,1063,10
売,1063,10
際,1061,10
念,1060,10
南,1060,10
責,1059,10
仏,1058,10
共,1058,10
付,1057,10
切,1057,10
病,1055,10
古,1052,10
説,1052,10
其,1047,10
男,1042,10
任,1036,10
決,1032,10
運,1030,10
支,1024,10
富,1023,10
之,1021,10
財,1018,10
珠,1018,10
真,1016,10
帰,1015,10
直,1013,10
収,1010,10
欲,1004,10
薬,1002,10
集,1001,10
類,998,9
安,996,9
己,994,9
期,991,9
使,991,9
空,987,9
容,983,9
里,981,9
止,975,9
君,974,9
現,973,9
形,971,9
在,966,9
乱,965,9
鬼,964,9
活,964,9
護,963,9
計,957,9
父,954,9
朝,953,9
秘,952,9
含,950,9
楽,950,9
我,945,9
箱,945,9
追,944,9
囲,943,9
暇,939,9
局,939,9
参,937,9
示,935,9
案,934,9
応,932,9
電,932,9
字,927,9
便,923,9
守,921,9
語,920,9
忘,917,9
階,916,9
文,915,9
仕,914,9
創,914,9
達,914,9
納,911,9
表,910,9
進,910,9
移,907,9
終,906,9
門,904,9
調,902,9
遅,902,9
種,900,9
製,898,8
失,894,8
舟,893,8
著,893,8
盗,892,8
従,889,8
兵,886,8
光,884,8
誰,884,8
似,884,8
編,884,8
主,883,8
夜,881,8
起,879,8
江,878,8
細,878,8
仲,868,8
士,866,8
短,865,8
許,865,8
世,864,8
味,863,8
宮,860,8
飲,858,8
休,857,8
員,856,8
争,852,8
飛,851,8
買,851,8
向,849,8
曜,848,8
組,846,8
始,845,8
属,843,8
沢,837,8
折,837,8
戸,837,8
週,836,8
害,835,8
質,834,8
聞,833,8
穴,832,8
鷹,831,8
破,830,8
枚,825,8
戦,825,8
城,823,8
軍,820,8
影,819,8
若,819,8
論,818,8
故,818,8
適,818,8
郵,817,8
瀬,817,8
央,817,8
深,815,8
虫,815,8
準,813,8
係,813,8
覆,812,8
友,812,8
津,810,8
続,810,8
識,810,8
読,810,8
公,809,8
状,808,8
勝,808,8
改,808,8
払,807,8
賊,805,8
教,805,8
刀,804,8
走,803,8
恩,802,8
泣,801,8
近,800,8
陽,800,8
去,799,7
七,797,7
独,796,7
蟻,795,7
米,794,7
処,793,7
想,790,7
鳥,789,7
着,789,7
早,789,7
更,787,7
蔵,787,7
草,786,7
顔,783,7
由,781,7
急,781,7
異,780,7
広,777,7
経,775,7
委,774,7
注,773,7
笑,772,7
掛,767,7
討,766,7
役,764,7
望,762,7
校,762,7
交,761,7
存,761,7
雲,760,7
防,760,7
予,759,7
肝,757,7
営,756,7
了,756,7
貴,754,7
骨,752,7
墨,752,7
敵,749,7
英,749,7
然,748,7
損,746,7
格,745,7
捨,745,7
功,742,7
沈,742,7
罪,741,7
八,740,7
至,739,7
武,739,7
載,739,7
協,738,7
留,738,7
奈,737,7
阪,737,7
最,737,7
諾,735,7
指,734,7
耳,733,7
尺,733,7
残,730,7
院,730,7
養,728,7
張,727,7
河,727,7
春,727,7
団,726,7
徳,726,7
議,723,7
往,723,7
照,723,7
反,722,7
況,722,7
転,721,7
各,721,7
夏,720,7
元,719,7
冠,719,7
秋,719,7
因,716,7
渡,715,7
苦,715,7
鞭,715,7
越,712,7
災,710,7
位,708,7
断,706,7
孝,705,7
造,705,7
割,705,7
居,701,7
青,700,7
々,699,6
猫,698,6
健,698,6
怖,697,6
扱,697,6
離,695,6
久,692,6
髪,691,6
図,688,6
横,685,6
香,684,6
競,683,6
魚,681,6
強,680,6
託,680,6
吉,680,6
好,679,6
派,679,6
料,679,6
浜,678,6
未,678,6
臣,677,6
角,677,6
履,677,6
腹,677,6
紙,677,6
太,677,6
値,676,6
析,675,6
寒,674,6
降,672,6
判,671,6
冷,671,6
烏,669,6
倒,668,6
配,668,6
遠,668,6
構,667,6
鶏,667,6
再,664,6
孔,663,6
駆,661,6
童,661,6
返,661,6
録,660,6
緒,660,6
恥,660,6
器,660,6
恵,660,6
駄,660,6
否,659,6
領,657,6
積,657,6
興,656,6
卵,655,6
橋,655,6
宿,655,6
陰,653,6
首,651,6
具,651,6
室,651,6
単,651,6
羊,650,6
企,649,6
音,649,6
治,649,6
郡,648,6
捕,647,6
懐,646,6
船,645,6
効,645,6
遂,644,6
堕,643,6
置,641,6
禍,641,6
与,641,6
幽,641,6
命,640,6
璧,640,6
満,640,6
昨,639,6
完,639,6
験,639,6
拙,639,6
商,639,6
静,639,6
台,637,6
素,636,6
締,635,6
幸,635,6
客,634,6
込,632,6
般,631,6
佐,631,6
量,631,6
統,630,6
九,630,6
鉄,628,6
促,626,6
毛,626,6
阿,625,6
視,625,6
費,625,6
例,624,6
態,624,6
衣,624,6
突,624,6
働,623,6
整,623,6
伊,622,6
席,622,6
王,622,6
刊,621,6
血,620,6
赤,618,6
師,617,6
待,617,6
固,617,6
官,616,6
寄,615,6
酒,613,6
銀,612,6
府,611,6
漏,610,6
請,608,6
清,608,6
頼,607,6
駿,606,6
半,606,6
志,605,6
旅,602,6
撃,602,6
乗,601,6
誠,601,6
伯,601,6
束,601,6
怒,601,6
四,600,6
疑,599,5
氏,599,5
岸,597,5
課,597,5
令,596,5
老,596,5
振,596,5
除,595,5
住,595,5
座,594,5
両,594,5
械,594,5
及,594,5
妻,593,5
布,591,5
竜,591,5
絡,591,5
感,590,5
貨,590,5
消,590,5
飯,589,5
歌,588,5
蓋,588,5
寸,588,5
粉,588,5
策,588,5
森,587,5
殺,587,5
溺,587,5
談,587,5
匠,586,5
声,586,5
替,586,5
那,586,5
禁,585,5
推,585,5
泉,584,5
被,584,5
送,584,5
程,583,5
評,582,5
灯,582,5
敗,582,5
剣,582,5
裁,582,5
樹,581,5
観,581,5
蛇,580,5
探,580,5
登,579,5
精,579,5
境,579,5
屈,578,5
眼,578,5
装,577,5
依,577,5
猛,577,5
症,577,5
雷,577,5
絶,576,5
患,576,5
試,575,5
浄,573,5
甲,573,5
缶,572,5
困,571,5
痴,570,5
極,569,5
銭,569,5
矩,569,5
挙,568,5
枝,568,5
奔,568,5
閑,567,5
林,567,5
隙,566,5
複,566,5
険,566,5
匹,565,5
傾,565,5
牧,565,5
初,565,5
郎,565,5
研,564,5
謹,564,5
孤,564,5
賤,564,5
担,563,5
礼,563,5
譲,563,5
祭,562,5
施,562,5
熊,562,5
乏,562,5
群,561,5
練,561,5
医,561,5
助,561,5
誤,560,5
升,559,5
優,559,5
喪,559,5
也,559,5
暖,558,5
益,558,5
潰,557,5
弾,557,5
哀,557,5
毎,556,5
堪,556,5
印,555,5
根,555,5
申,555,5
賠,555,5
縁,554,5
軽,554,5
授,554,5
矢,553,5
鼠,552,5
煙,552,5
労,551,5
償,551,5
選,550,5
稼,550,5
頑,549,5
告,549,5
模,549,5
廃,549,5
賀,548,5
放,548,5
触,546,5
夕,544,5
狗,544,5
柳,544,5
危,543,5
伝,542,5
答,542,5
昭,542,5
逆,542,5
宝,542,5
鹿,541,5
衛,540,5
塚,539,5
落,538,5
倉,538,5
駅,538,5
丸,538,5
夢,537,5
網,537,5
額,537,5
修,536,5
押,535,5
背,534,5
政,533,5
綿,533,5
欠,532,5
疲,532,5
域,532,5
導,531,5
泰,530,5
察,530,5
羅,530,5
仙,529,5
催,528,5
左,528,5
唱,528,5
呼,527,5
宇,527,5
朋,526,5
販,526,5
荷,525,5
隠,524,5
節,524,5
盟,523,5
常,521,5
坂,521,5
壁,519,5
息,519,5
民,518,5
干,517,5
建,517,5
黄,516,5
堤,516,5
資,516,5
勉,515,5
採,515,5
旨,515,5
戻,515,5
葵,514,5
総,514,5
却,514,5
到,513,5
奪,513,5
寧,510,5
色,510,5
散,510,5
歳,509,5
餅,509,5
慮,508,5
尋,508,5
索,508,5
魔,508,5
遺,508,5
亦,508,5
忍,508,5
豊,507,5
寺,506,5
像,506,5
股,505,5
夷,505,5
濫,505,5
浮,505,5
黙,504,5
唯,504,5
斯,504,5
既,504,5
削,504,5
扇,504,5
系,503,5
占,503,5
枯,503,5
矛,503,5
線,503,5
瑠,502,5
朽,502,5
萎,502,5
巾,502,5
鐘,502,5
肉,501,5
顧,501,5
岩,501,5
速,501,5
璃,500,5
尼,500,5
憂,500,5
詩,500,5
暴,500,5
砲,500,5
惜,500,5
港,499,4
霜,499,4
迅,499,4
筆,498,4
州,497,4
尽,497,4
堂,497,4
退,496,4
維,496,4
葬,495,4
刃,495,4
兄,495,4
帝,494,4
戒,494,4
比,494,4
霊,494,4
逸,494,4
沸,493,4
豚,493,4
兎,493,4
冶,492,4
桜,492,4
掩,492,4
闘,492,4
雑,492,4
舎,492,4
忠,491,4
路,490,4
昼,490,4
顕,490,4
衆,490,4
歯,489,4
窮,489,4
愚,489,4
窓,489,4
胃,488,4
接,488,4
辛,487,4
列,487,4
致,487,4
慣,487,4
族,487,4
乞,486,4
避,486,4
午,486,4
六,485,4
承,485,4
博,485,4
騎,485,4
鼓,485,4
邪,485,4
塞,484,4
材,484,4
堅,484,4
率,484,4
減,484,4
踏,483,4
侵,483,4
備,483,4
鼻,482,4
途,482,4
沐,481,4
励,481,4
末,480,4
仮,480,4
洗,480,4
暮,480,4
批,480,4
僕,480,4
園,479,4
互,479,4
焼,479,4
戚,478,4
須,478,4
界,477,4
獄,477,4
李,477,4
弟,477,4
胆,477,4
鍛,476,4
乾,476,4
誉,476,4
膝,476,4
弁,475,4
婚,475,4
幾,474,4
混,474,4
貸,473,4
姉,473,4
歩,473,4
詳,473,4
環,472,4
超,472,4
貝,471,4
盛,470,4
科,469,4
桑,469,4
頃,469,4
嫌,468,4
栽,468,4
斗,467,4
棄,467,4
差,467,4
介,466,4
閉,466,4
悠,466,4
執,466,4
児,465,4
滞,464,4
舞,464,4
希,463,4
康,463,4
杯,462,4
雅,461,4
還,461,4
測,460,4
映,460,4
芸,459,4
痛,459,4
療,458,4
糖,458,4
択,458,4
懸,457,4
慢,457,4
栄,457,4
沙,457,4
換,456,4
凍,456,4
査,456,4
乳,455,4
革,455,4
把,454,4
匿,454,4
針,453,4
菜,453,4
律,453,4
警,453,4
普,452,4
季,452,4
概,451,4
庫,451,4
攻,451,4
億,451,4
覧,451,4
弱,450,4
庁,450,4
兆,450,4
館,449,4
毒,449,4
丈,447,4
黒,447,4
聖,447,4
雀,446,4
靴,446,4
預,445,4
剛,445,4
札,445,4
盤,444,4
拠,444,4
繰,444,4
講,444,4
紛,443,4
簡,442,4
述,442,4
捗,441,4
航,441,4
皇,440,4
冬,440,4
復,440,4
券,440,4
鶴,440,4
低,440,4
翻,439,4
紀,439,4
右,438,4
紹,437,4
陣,437,4
塗,437,4
麦,436,4
奏,436,4
掲,436,4
打,436,4
冊,435,4
悩,435,4
徒,435,4
亭,435,4
浦,435,4
溝,434,4
浅,434,4
潟,433,4
徐,433,4
岐,433,4
展,432,4
描,432,4
是,432,4
永,431,4
紋,431,4
抜,431,4
寝,431,4
貫,431,4
渉,431,4
招,430,4
鳴,430,4
側,430,4
抱,430,4
訪,429,4
旧,429,4
漠,429,4
怠,429,4
縮,429,4
徹,429,4
叫,429,4
籠,428,4
憎,428,4
蟹,428,4
圧,428,4
菓,428,4
奇,427,4
順,427,4
漢,427,4
池,427,4
継,427,4
礎,427,4
勧,427,4
怪,427,4
隣,427,4
甚,426,4
揚,426,4
寂,426,4
誌,426,4
覚,426,4
奉,426,4
俊,425,4
隔,425,4
寡,425,4
看,425,4
増,425,4
吠,425,4
穂,424,4
勃,424,4
机,424,4
阻,424,4
臭,424,4
凡,424,4
悟,424,4
氷,423,4
贈,423,4
拶,423,4
罷,422,4
泳,422,4
桃,422,4
麻,422,4
焦,422,4
籍,421,4
婦,421,4
跡,421,4
染,421,4
痕,421,4
苛,421,4
封,421,4
専,420,4
嘩,420,4
威,420,4
聴,420,4
嘱,420,4
侯,420,4
茄,420,4
逐,420,4
稲,419,4
糸,419,4
築,419,4
頻,419,4
雪,419,4
湿,419,4
幌,419,4
挫,419,4
闇,419,4
爪,419,4
淫,419,4
膳,418,4
倹,418,4
標,418,4
遣,418,4
油,418,4
狼,418,4
陶,418,4
侮,418,4
拾,418,4
罰,418,4
就,417,4
癖,417,4
敏,417,4
狐,417,4
蕎,417,4
挨,417,4
釈,416,4
職,416,4
版,416,4
壮,416,4
崩,416,4
喩,416,4
蜜,416,4
犯,415,4
迎,415,4
亡,415,4
溶,415,4
響,415,4
句,415,4
眉,415,4
矯,415,4
賄,415,4
姓,415,4
底,415,4
据,415,4
愁,414,4
侍,414,4
哺,414,4
埼,414,4
泌,414,4
廻,414,4
裏,414,4
迦,413,4
惑,413,4
吟,413,4
粗,413,4
筋,413,4
晦,413,4
瓜,413,4
厚,413,4
肩,413,4
蒙,413,4
喧,412,4
灰,412,4
葱,412,4
儒,412,4
洋,412,4
畏,412,4
匂,412,4
枕,411,4
按,411,4
洞,411,4
糾,411,4
糊,411,4
届,411,4
喚,411,4
拳,411,4
熱,411,4
煮,411,4
胎,410,4
僧,410,4
翼,410,4
巧,410,4
牙,410,4
渇,410,4
魂,410,4
柿,410,4
班,410,4
遍,410,4
腺,410,4
弄,409,4
煩,409,4
薪,409,4
弘,409,4
激,409,4
俗,409,4
惚,408,4
斧,408,4
挿,408,4
税,408,4
臓,408,4
購,408,4
桟,408,4
茸,408,4
彦,408,4
爛,407,4
驚,407,4
球,407,4
且,407,4
庭,407,4
慨,407,4
逝,407,4
潜,407,4
帳,407,4
忙,407,4
芋,406,4
牲,406,4
錬,406,4
塾,406,4
疎,406,4
祉,406,4
貌,406,4
謝,406,4
召,406,4
岳,405,4
櫓,405,4
汗,405,4
炉,405,4
佳,405,4
輩,405,4
較,405,4
盲,405,4
暑,405,4
胸,405,4
翁,405,4
殆,404,4
蚊,404,4
庸,404,4
仇,404,4
忌,404,4
監,404,4
痘,403,4
媒,403,4
擦,403,4
峡,403,4
唾,403,4
叙,403,4
投,403,4
曖,403,4
虞,402,4
補,402,4
墳,401,4
宵,401,4
怨,401,4
昧,401,4
刺,401,4
凹,401,4
枷,400,4
究,400,4
辞,400,4
欧,400,4
陸,400,4
抹,400,4
羽,400,4
犠,399,3
赴,399,3
服,399,3
巻,399,3
没,399,3
楼,399,3
蓄,398,3
壑,398,3
痒,398,3
濁,398,3
乙,397,3
才,397,3
迷,397,3
写,396,3
亀,396,3
阜,396,3
凸,396,3
鬱,396,3
賦,395,3
措,395,3
握,395,3
狂,395,3
賛,394,3
遜,394,3
竹,394,3
狸,394,3
咲,393,3
給,393,3
遊,393,3
妹,393,3
堀,393,3
震,393,3
勘,393,3
眠,392,3
渋,392,3
摩,390,3
賢,390,3
窯,390,3
繊,390,3
昔,389,3
排,389,3
遵,388,3
援,388,3
署,388,3
略,388,3
停,388,3
茨,388,3
俺,387,3
司,387,3
啓,387,3
携,387,3
障,386,3
拡,386,3
呂,386,3
勇,386,3
甘,385,3
豆,384,3
吸,384,3
茂,384,3
債,384,3
宙,383,3
悲,383,3
鎌,382,3
詞,382,3
救,382,3
章,381,3
育,381,3
尿,380,3
喜,380,3
塩,379,3
簿,379,3
紅,379,3
厳,379,3
憩,379,3
徴,379,3
霞,378,3
稿,378,3
傲,377,3
尊,377,3
柴,377,3
訳,376,3
房,376,3
旬,376,3
娘,376,3
波,375,3
菌,375,3
杉,375,3
宜,375,3
省,374,3
亜,374,3
弥,373,3
粕,373,3
嘉,373,3
隊,372,3
借,372,3
括,372,3
涼,372,3
充,372,3
舗,372,3
訴,372,3
撮,372,3
敷,371,3
刻,370,3
植,370,3
殿,369,3
吹,368,3
包,367,3
枠,367,3
慎,367,3
融,367,3
幅,367,3
智,366,3
逃,366,3
診,366,3
桁,366,3
壊,366,3
頓,366,3
閣,365,3
脱,364,3
沼,364,3
献,364,3
刷,364,3
柔,363,3
箕,363,3
柱,363,3
秩,363,3
抗,362,3
崇,362,3
伏,362,3
揮,362,3
扶,362,3
袋,361,3
兼,361,3
鍵,361,3
棒,361,3
棟,361,3
歓,361,3
緊,361,3
脚,361,3
脂,361,3
卒,361,3
旭,360,3
兜,360,3
裕,360,3
拘,360,3
射,360,3
紫,360,3
拍,360,3
称,360,3
挽,359,3
募,359,3
随,359,3
鳩,359,3
趣,358,3
浴,358,3
賃,358,3
款,358,3
泡,358,3
捉,358,3
軌,358,3
駐,358,3
菩,358,3
宴,357,3
誕,357,3
斎,357,3
奥,357,3
歴,357,3
陵,357,3
酷,357,3
遡,357,3
劇,357,3
曲,356,3
粧,356,3
鏡,356,3
抑,356,3
酸,356,3
傍,355,3
鑑,355,3
梨,355,3
梅,355,3
狙,355,3
猶,355,3
韓,355,3
蔑,355,3
訂,355,3
盆,354,3
鈴,354,3
串,354,3
砕,354,3
譜,354,3
抽,354,3
拭,354,3
帯,354,3
肖,354,3
汽,354,3
轄,354,3
柵,354,3
拝,353,3
嫡,353,3
舶,353,3
漆,353,3
即,353,3
姿,353,3
併,353,3
貿,353,3
審,353,3
妥,353,3
撲,353,3
恐,353,3
腎,353,3
唄,353,3
鮮,352,3
帽,352,3
遮,352,3
誘,352,3
麺,352,3
琢,352,3
蒸,352,3
孫,352,3
齢,352,3
砂,352,3
紐,352,3
貯,352,3
胡,352,3
培,352,3
腰,351,3
祈,351,3
慕,351,3
幻,351,3
雌,351,3
挑,351,3
釣,351,3
浸,351,3
循,351,3
勤,351,3
埋,351,3
吊,351,3
彩,350,3
煎,350,3
傘,350,3
滅,350,3
漫,350,3
緩,350,3
偏,350,3
姦,350,3
奮,350,3
餓,350,3
朕,350,3
妨,350,3
閲,350,3
督,350,3
戊,350,3
遷,350,3
錯,349,3
抵,349,3
嫉,349,3
儀,349,3
磨,349,3
粒,349,3
飢,349,3
弦,349,3
卑,349,3
免,349,3
披,349,3
秀,349,3
渦,349,3
汎,349,3
餌,349,3
肘,348,3
蒔,348,3
刑,348,3
訟,348,3
洛,348,3
覗,348,3
誇,348,3
懇,348,3
准,348,3
暁,348,3
栓,348,3
旺,348,3
拒,348,3
汚,348,3
巡,348,3
睡,347,3
陥,347,3
昆,347,3
嘆,347,3
姫,347,3
漸,347,3
荒,347,3
圏,347,3
恋,347,3
厄,347,3
距,346,3
后,346,3
脈,346,3
液,346,3
衰,346,3
需,346,3
魅,346,3
詠,346,3
旋,346,3
偽,346,3
綱,346,3
錠,346,3
瞬,346,3
襲,346,3
弊,346,3
窟,346,3
襟,346,3
殉,346,3
伽,346,3
泥,345,3
伐,345,3
劣,345,3
暦,345,3
坊,345,3
雁,345,3
穫,345,3
猟,345,3
戯,345,3
辺,345,3
層,345,3
肌,344,3
懲,344,3
獣,344,3
毘,344,3
垢,344,3
蝦,344,3
獲,344,3
弧,344,3
臆,344,3
辱,344,3
挟,344,3
郷,344,3
濃,344,3
殊,344,3
掃,344,3
践,344,3
訓,344,3
裂,344,3
芝,343,3
蛮,343,3
只,343,3
鎮,343,3
績,343,3
抄,343,3
燃,343,3
沿,343,3
膜,343,3
崖,343,3
倫,343,3
耐,343,3
微,343,3
謡,343,3
廊,343,3
紡,343,3
魁,343,3
露,343,3
硫,343,3
巌,343,3
斬,343,3
腕,343,3
雇,343,3
端,343,3
冗,342,3
詐,342,3
曹,342,3
磁,342,3
粋,342,3
鰹,342,3
丙,342,3
勾,342,3
臥,342,3
稚,342,3
臨,342,3
涙,342,3
袖,342,3
蚕,342,3
符,342,3
這,342,3
淡,342,3
逓,342,3
膏,342,3
盾,342,3
塀,342,3
庄,342,3
祖,342,3
塁,342,3
豪,341,3
鉛,341,3
槽,341,3
某,341,3
賂,341,3
賞,341,3
遭,341,3
嗣,341,3
雰,341,3
酬,341,3
虚,341,3
瓦,341,3
陪,341,3
厘,341,3
殻,341,3
候,341,3
伎,341,3
径,341,3
燥,341,3
韻,341,3
彫,341,3
憶,340,3
芯,340,3
肢,340,3
垂,340,3
茶,340,3
洪,340,3
漂,340,3
滋,340,3
搭,340,3
飼,340,3
嘔,340,3
零,340,3
檜,340,3
騰,340,3
縫,340,3
殖,340,3
秒,340,3
峠,340,3
勢,340,3
祝,340,3
采,339,3
毀,339,3
袴,339,3
赦,339,3
床,339,3
序,339,3
墜,339,3
褒,339,3
彙,339,3
腫,339,3
銘,339,3
窃,339,3
謀,339,3
狭,339,3
片,339,3
偉,339,3
屯,339,3
薫,338,3
藍,338,3
呈,338,3
佇,338,3
拷,338,3
麓,338,3
騒,338,3
揃,338,3
箋,338,3
搬,338,3
丹,338,3
脳,338,3
悔,338,3
肴,338,3
銅,338,3
恭,338,3
肪,338,3
庇,338,3
傑,338,3
鋼,338,3
舷,338,3
緯,338,3
灸,338,3
謄,338,3
窒,338,3
衝,337,3
弔,337,3
僅,337,3
穏,337,3
核,337,3
疾,337,3
蛛,337,3
虻,337,3
僚,337,3
瞭,337,3
双,337,3
銃,337,3
鳳,337,3
偶,337,3
躍,337,3
噂,337,3
踊,337,3
耗,337,3
粛,337,3
箸,337,3
嚇,337,3
塊,337,3
旗,337,3
欺,337,3
婆,337,3
繕,337,3
恣,337,3
茎,336,3
糧,336,3
墾,336,3
冥,336,3
呪,336,3
蜂,336,3
帥,336,3
酪,336,3
壌,336,3
鎖,336,3
癒,336,3
炎,336,3
蓬,336,3
掌,336,3
篇,336,3
慌,336,3
覇,336,3
縦,336,3
偵,336,3
琴,336,3
藁,336,3
隻,336,3
胞,336,3
剖,336,3
詣,336,3
陳,335,3
諧,335,3
畑,335,3
痢,335,3
畿,335,3
薦,335,3
畔,335,3
罵,335,3
洩,335,3
骸,335,3
皿,335,3
烈,335,3
簾,335,3
逮,335,3
憤,335,3
慈,335,3
繭,335,3
剤,335,3
艦,335,3
賭,335,3
酢,335,3
幼,335,3
淵,334,3
咎,334,3
濯,334,3
演,334,3
羨,334,3
掘,334,3
但,334,3
膨,334,3
踪,334,3
葦,334,3
漱,334,3
蔭,334,3
弛,334,3
虹,334,3
謁,334,3
爆,334,3
痩,334,3
畝,334,3
鰯,334,3
粘,334,3
蛍,334,3
堆,334,3
拐,334,3
酔,334,3
鉱,334,3
畜,334,3
飽,334,3
嫁,334,3
幡,334,3
韋,333,3
鞍,333,3
透,333,3
坑,333,3
蜘,333,3
諮,333,3
詮,333,3
娯,333,3
遇,333,3
廷,333,3
扉,333,3
柯,333,3
翌,333,3
瑕,333,3
渓,333,3
紳,333,3
芳,333,3
礁,333,3
党,333,3
租,333,3
擁,333,3
喉,333,3
架,332,3
膿,332,3
穀,332,3
棋,332,3
喝,332,3
棺,332,3
巫,332,3
浩,332,3
焚,332,3
跳,332,3
勅,332,3
賜,332,3
賓,332,3
勿,332,3
誓,332,3
嶋,332,3
絞,332,3
勲,332,3
斤,332,3
妙,332,3
伺,332,3
晴,332,3
頒,332,3
酌,332,3
叔,332,3
貼,331,3
涯,331,3
蹴,331,3
蔽,331,3
婿,331,3
嗅,331,3
衡,331,3
陛,331,3
硝,331,3
囚,331,3
侶,331,3
朔,331,3
脅,331,3
鯨,331,3
源,331,3
詔,331,3
汰,331,3
諦,331,3
箇,330,3
吏,330,3
酎,330,3
欄,330,3
膚,330,3
爵,330,3
疫,330,3
並,330,3
氾,330,3
累,330,3
胴,330,3
姑,330,3
藻,330,3
沖,330,3
裸,330,3
揺,330,3
壺,330,3
艶,330,3
珍,330,3
綻,330,3
醸,330,3
椒,330,3
唇,330,3
摘,330,3
暫,330,3
辣,330,3
椎,330,3
碁,329,3
廉,329,3
爽,329,3
堵,329,3
媛,329,3
宏,329,3
酵,329,3
奨,329,3
享,329,3
捻,329,3
虐,329,3
顎,329,3
坐,329,3
紺,329,3
謎,329,3
絹,328,3
剪,328,3
唆,328,3
凝,328,3
貪,328,3
俸,328,3
庶,328,3
冒,328,3
鋭,328,3
喬,328,3
妃,328,3
星,328,3
妄,328,3
仰,328,3
枢,328,3
眺,328,3
華,328,3
魯,328,3
嬌,328,3
叱,328,3
脊,328,3
傷,328,3
惰,327,3
街,327,3
吽,327,3
狡,327,3
憚,327,3
壇,327,3
梗,327,3
戴,327,3
晩,327,3
湯,327,3
鈍,327,3
昌,327,3
栗,327,3
郊,327,3
俳,327,3
沃,326,3
髄,326,3
鬚,326,3
撤,326,3
恨,326,3
斥,326,3
醤,326,3
景,326,3
碑,326,3
縛,326,3
鞘,326,3
控,326,3
慄,326,3
澤,326,3
鉢,325,3
藩,325,3
喫,325,3
嘗,325,3
嬢,325,3
凶,325,3
塑,325,3
鬆,325,3
妬,325,3
噴,325,3
憾,325,3
膠,324,3
醒,324,3
惨,324,3
愧,324,3
余,324,3
悼,324,3
閥,324,3
脛,324,3
渟,324,3
稽,324,3
憬,323,3
迭,323,3
衷,323,3
姻,323,3
炊,323,3
慳,323,3
詰,322,3
醜,322,3
艇,322,3
慰,322,3
寮,322,3
織,322,3
咽,322,3
瞼,322,3
緻,322,3
搾,322,3
妊,322,3
淆,322,3
娠,321,3
憧,321,3
玩,321,3
劾,321,3
刹,321,3
茫,321,3
卦,321,3
殴,321,3
蘆,321,3
隆,321,3
絵,321,3
丘,321,3
剰,321,3
郭,320,3
笠,320,3
凄,320,3
努,320,3
倣,320,3
快,320,3
隷,320,3
菅,320,3
熟,320,3
肯,320,3
肺,320,3
滄,319,3
珊,319,3
柏,319,3
捜,319,3
虜,319,3
椅,318,3
訃,318,3
鋳,318,3
妖,318,3
栃,318,3
墓,318,3
票,317,3
摯,317,3
湖,317,3
貶,317,3
戮,317,3
巨,317,3
腋,317,3
礫,316,3
畳,316,3
板,316,3
吐,316,3
已,316,3
錮,316,3
敢,316,3
奴,316,3
硬,315,3
綾,315,3
幹,315,3
輪,315,3
楷,315,3
抓,315,3
温,314,3
撥,314,3
褐,314,3
垣,314,3
愉,314,3
滴,314,3
邦,313,3
延,313,3
阮,313,3
輸,313,3
輝,312,3
帆,312,3
哲,312,3
弐,312,3
仁,311,3
頂,311,3
周,311,3
椰,310,3
卸,310,3
惧,310,3
巴,310,3
乃,309,3
凰,309,3
史,308,3
嘲,308,3
倍,308,3
緑,308,3
羞,307,3
篠,307,3
克,307,3
菊,307,3
舅,307,3
祐,307,3
瑞,307,3
拉,307,3
焉,306,3
腸,306,3
敦,306,3
鯛,306,3
葛,305,3
寿,304,3
尚,303,3
又,303,3
苗,303,3
操,303,3
堺,302,3
璽,302,3
莉,301,3
錦,301,3
坪,300,3
純,300,3
瘍,300,3
辻,300,3
猪,299,2
釧,299,2
龍,299,2
磯,298,2
弩,298,2
倶,297,2
樽,297,2
芦,297,2
泊,297,2
嵐,296,2
牟,296,2
郁,296,2
皆,296,2
諸,296,2
丼,296,2
貞,295,2
萩,294,2
筑,293,2
筒,293,2
繁,293,2
曽,292,2
圭,292,2
芽,291,2
紗,291,2
伸,291,2
榎,290,2
吾,290,2
典,290,2
樋,290,2
峰,290,2
洲,290,2
諏,289,2
滑,289,2
拓,289,2
鮭,289,2
鍋,289,2
添,289,2
滝,288,2
湾,288,2
荘,288,2
舌,288,2
宗,287,2
棚,287,2
朗,287,2
桐,287,2
昇,286,2
淀,286,2
淑,286,2
翔,284,2
荻,284,2
飾,284,2
斐,284,2
慶,284,2
苫,284,2
碧,284,2
淳,284,2
秦,284,2
卓,284,2
湧,283,2
茉,283,2
澄,283,2
尻,283,2
宣,282,2
薩,282,2
狛,282,2
敬,281,2
揖,281,2
晃,281,2
苅,281,2
栖,281,2
祇,281,2
鴻,281,2
潔,281,2
桂,281,2
刈,281,2
宅,281,2
窪,280,2
亨,280,2
涌,280,2
鱈,280,2
佑,280,2
笹,280,2
幕,280,2
函,280,2
轟,280,2
玲,280,2
巳,279,2
臼,279,2
梶,279,2
邸,279,2
悦,279,2
舘,279,2
薄,278,2
蒲,278,2
嵩,278,2
颯,278,2
畠,278,2
肥,278,2
鯖,278,2
俣,278,2
楯,277,2
鮫,277,2
亥,277,2
寛,276,2
燈,276,2
蘭,276,2
朱,276,2
宰,276,2
憲,276,2
岬,276,2
橘,276,2
駒,276,2
冨,276,2
柄,275,2
狩,275,2
雫,275,2
均,275,2
惣,275,2
迫,275,2
砥,275,2
蛸,274,2
櫛,274,2
幣,274,2
漬,274,2
汲,274,2
槻,274,2
鮪,274,2
軒,274,2
脇,274,2
恒,274,2
斑,274,2
姶,273,2
寅,273,2
斉,272,2
莫,272,2
靖,272,2
磐,272,2
軸,272,2
弓,272,2
稜,272,2
宛,272,2
耕,272,2
斜,271,2
稔,271,2
杏,271,2
亮,271,2
摂,271,2
鴨,271,2
霧,270,2
曳,270,2
貢,270,2
縞,270,2
呉,270,2
玄,270,2
緋,270,2
耶,270,2
篤,270,2
曇,269,2
彰,269,2
肇,269,2
唐,269,2
辰,269,2
謙,268,2
騨,268,2
絢,268,2
漁,268,2
軟,268,2
祥,268,2
麗,267,2
禅,267,2
諌,267,2
茜,267,2
聡,267,2
灘,266,2
睦,266,2
醐,266,2
浪,266,2
壬,266,2
峯,265,2
副,265,2
朴,265,2
庵,265,2
毅,265,2
亘,265,2
炭,265,2
榊,265,2
牡,265,2
孟,264,2
燕,264,2
桶,264,2
醍,264,2
椿,264,2
萌,264,2
鏑,263,2
銚,263,2
杜,263,2
橿,262,2
晶,262,2
剥,262,2
琵,262,2
鱗,262,2
湊,261,2
宋,261,2
楓,261,2
釜,261,2
娼,261,2
潤,261,2
匡,260,2
篭,260,2
蕨,260,2
謳,260,2
頚,260,2
琶,259,2
笛,259,2
蓮,259,2
禎,259,2
仔,259,2
茅,259,2
杭,259,2
湘,258,2
冴,258,2
征,258,2
麹,258,2
楠,258,2
輔,258,2
槙,257,2
奎,257,2
巣,257,2
潮,257,2
琳,256,2
壱,256,2
厨,255,2
呑,255,2
楊,255,2
於,254,2
樫,254,2
儲,253,2
祓,253,2
筍,253,2
會,253,2
怜,253,2
姜,253,2
腐,252,2
播,250,2
鰆,250,2
餃,250,2
邉,249,2
實,249,2
凜,249,2
鰤,248,2
渕,246,2
軋,245,2
痺,245,2
槇,245,2
黛,244,2
汁,243,2
拮,243,2
苺,242,2
杠,241,2
揉,239,2
鮨,238,2
并,238,2
藪,237,2
扁,237,2
綺,237,2
燻,237,2
轢,232,2
腱,231,2
顚,176,1
禱,85,0
摑,84,0
穣,31,0
